timestamp,code,price,volume,change_rate
2025-11-22T08:43:31.836,TEST_CODE,50000,100,1.50
2025-11-22T08:43:37.328,TEST_CODE,50000,100,1.50
2025-11-22T08:44:01.460,TEST_CODE,50000,100,1.50
2025-11-22T08:48:49.662,TEST_CODE,50000,100,1.50
2025-11-22T08:55:49.695,TEST_CODE,50000,100,1.50
2025-11-22T09:01:01.783,TEST_CODE,50000,100,1.50
2025-11-22T09:01:32.660,TEST_CODE,50000,100,1.50
2025-11-22T09:02:38.660,TEST_CODE,50000,100,1.50
2025-11-22T09:32:25.603,TEST_CODE,50000,100,1.50
2025-11-22T09:33:02.027,TEST_CODE,50000,100,1.50
2025-11-22T09:33:27.261,TEST_CODE,50000,100,1.50
2025-11-22T09:35:25.280,TEST_CODE,50000,100,1.50
2025-11-22T09:44:44.620,TEST_CODE,50000,100,1.50
2025-11-22T09:50:54.831894,TEST_CODE,50000,100,1.50
2025-11-22T10:15:43.648742,TEST_CODE,50000,100,1.50
2025-11-22T10:16:46.535831,TEST_CODE,50000,100,1.50
